"IDENTIFIER","GSM526561","GSM526562","GSM526602","GSM526603","GSM526605","GSM526678"
"Pdhb",6.78172,6.67057,6.67767,6.61841,6.38248,6.71026
"Lypla1",10.0028,10.0212,9.98037,9.95486,9.94111,10.0634
"Tcea1",9.00629,9.04831,8.98056,9.10134,9.00104,8.83338
"Atp6v1h",8.35819,8.35274,8.36684,8.33537,8.36566,8.35614
"Oprk1",4.12316,3.88417,4.00814,3.81399,3.97681,3.99824
"Rb1cc1",7.50064,7.44986,7.42371,7.32109,7.42521,7.47707
"Fam150a",2.79769,2.89569,3.02865,3.06864,2.82011,2.98995
"St18",4.70729,4.86906,5.02481,5.0828,4.93599,4.96627
"Pcmtd1",8.81027,8.89916,8.8256,8.76545,8.71039,8.78622
"Ahcy",12.9397,12.9809,12.9608,12.9495,12.8176,12.8718
"Rrs1",6.58592,6.55599,6.51913,6.58703,6.73596,6.70705
"Adhfe1",9.46299,9.63494,9.47247,9.76031,9.42918,9.77021
"Hnrnpa3",9.75895,9.66745,9.74795,9.72939,9.82028,9.94728
"Sgk3",6.8906,6.38627,6.77757,6.96514,7.03414,6.79335
"Mcmdc2",3.17942,3.13562,3.20426,3.40093,3.17565,3.05387
"Cspp1",6.68829,6.59694,6.69522,6.75352,6.43125,6.7209
"Cspp1",7.59981,7.6705,7.66689,7.66754,7.45973,7.61965
"Cspp1",7.19897,6.78963,6.9524,7.25912,6.87741,7.08388
"Cspp1",6.3849,6.79871,6.31267,6.36319,6.3827,6.66172
"Cspp1",6.04841,6.32895,6.03533,6.10054,5.74381,6.27779
"Cspp1",6.94488,6.95045,6.94199,7.03352,6.83274,7.06657
"Cspp1",8.02143,7.76966,7.87374,7.75237,7.61563,7.85433
"Cspp1",7.77555,7.75112,7.68303,7.77041,7.63799,7.79658
"Cspp1",6.82118,6.7933,6.71731,6.73017,6.40831,6.86476
"Cspp1",6.87452,6.93439,6.86245,6.91132,6.83633,6.91576
"Cspp1",6.99906,7.13209,7.02784,6.87137,6.89813,7.03856
"Cspp1",7.10905,7.05083,6.82118,6.91652,6.90976,7.05348
"Cspp1",7.09649,6.97922,7.03384,7.06805,6.97102,7.3233
"Prex2",6.01335,6.2026,5.90624,5.84441,6.12512,6.05228
"A830018L16Rik",3.47518,3.6632,3.77982,3.77757,3.53241,3.39916
"Sulf1",4.42303,4.37365,4.43902,4.54703,4.43552,4.41229
"Xkr9",6.72443,6.62176,6.77633,6.60969,6.8257,6.93907
"Msc",4.73162,4.53897,4.58114,4.44507,4.39206,4.37236
"Rpl5",10.7317,10.708,10.7823,10.7697,10.7491,10.7395
"Kcnb2",4.52624,4.38049,4.44831,4.34897,4.57294,4.19235
"Terf1",6.77227,6.77978,6.73169,6.75432,6.88293,6.87223
"Rdh10",8.74563,8.48549,8.77234,8.82043,8.82663,8.84132
"Tmem70",8.3287,8.2845,8.31222,8.27616,8.44835,8.24618
"Ly96",5.12944,5.22459,4.71132,4.69826,4.85599,5.4634
"Gdap1",3.39557,3.40938,3.09058,3.26214,3.3521,3.23228
"Pi15",3.28435,3.28067,3.53533,3.36629,3.21958,3.07929
"Crispld1",4.94242,5.13578,4.96617,5.011,4.94347,4.79315
"Tfap2d",4.16093,4.01887,4.32927,4.3071,4.36103,4.13631
"Tfap2b",4.26646,4.08638,4.28806,4.24184,4.12345,4.09192
"Iars",7.63825,7.60866,7.53183,7.67934,7.76092,7.75586
"Mir206",1.74289,1.85945,1.85945,1.79037,1.91946,1.90135
"Mir133b",5.62445,5.59338,5.59327,5.50191,5.58036,5.38734
"Il17a",4.57479,4.49498,4.52549,4.42445,4.33073,4.40146
"Paqr8",5.00457,4.96795,4.78982,4.97657,5.14586,4.82271
"Efhc1",5.23689,5.39976,5.69508,5.25082,5.11142,5.36226
"Tmem14a",4.75805,4.77165,4.68673,4.5402,4.76867,4.62387
"Gsta3",11.0045,10.7565,10.9092,10.9185,10.8964,10.94
"Cetn4",2.51176,2.64906,2.43597,2.84413,2.66397,2.58431
"Khdc1a",3.3566,3.0265,3.21034,3.11759,2.5385,3.15593
"Khdc1c",4.24215,4.04365,4.08033,4.26047,4.12724,3.98273
"Khdc1c",4.01479,3.8643,3.99508,3.84279,3.95701,3.8546
"Mir30a",3.82957,4.04263,4.09857,4.18634,4.06784,4.00466
"Mir30c-2",3.07681,2.92231,2.70456,2.8024,2.79893,2.73384
"B3gat2",5.35534,5.17426,5.26065,4.9813,5.13473,5.09039
"Col9a1",5.71471,5.64668,5.70534,5.66603,5.86214,5.62372
"Lmbrd1",8.62622,8.59807,8.59248,8.614,8.55651,8.68279
"Ddx3x",7.41662,7.20915,7.10302,7.35245,7.24479,7.24506
"Cdk10",7.30205,7.21181,7.3773,7.35048,7.25098,7.38649
"Lgsn",5.06433,4.72625,5.0008,5.24878,5.13975,4.88972
"Pih1d3",2.40627,2.44958,2.70742,2.46289,2.32815,2.56138
"Paox",7.36477,7.63357,7.53313,7.48974,7.45394,7.47596
"Khdrbs2",3.1826,3.16174,3.21218,3.34589,3.1826,3.23622
"Rab23",5.33097,5.64502,5.48437,5.42391,5.16369,5.42949
"Dst",7.01833,7.01343,6.9903,7.02665,7.07311,6.96325
"Imp4",8.00651,7.91183,8.04819,8.00219,7.87762,8.07503
"Ptpn18",5.59468,5.61236,5.36153,5.63361,5.62988,5.33943
"Prss39",3.84512,3.95719,4.46114,4.22216,4.33826,4.32701
"Cfc1",5.48008,5.11457,5.29428,5.3066,5.22494,5.09217
"Amer3",5.02859,5.10911,4.78114,5.00167,5.0952,4.90469
"Arhgef4",5.38218,5.25228,5.42688,5.32329,5.3726,5.24324
"Plekhb2",6.97043,6.77696,6.88749,6.8828,6.98471,6.99028
"X16670",5.99943,5.60577,5.7284,5.22856,5.19265,6.05282
"Hs6st1",8.47126,8.56961,8.39733,8.3578,8.42582,8.54261
"Arid5a",6.02747,5.7099,5.96308,6.71599,6.53918,6.79713
"Cnnm4",6.0703,5.83338,5.77394,5.67681,5.76653,5.67232
"Cnnm3",6.73393,6.76813,6.69981,6.64984,6.46132,6.6445
"Cox5b",10.4198,10.6421,10.5647,10.5244,10.4887,10.5474
"Zap70",5.91585,5.73185,5.8194,5.93166,5.84624,5.58939
"Vwa3b",5.72328,5.85239,5.64028,5.57637,5.5902,5.47137
"Vwa3b",4.19302,4.35554,4.37276,4.19575,4.19302,3.96933
"Cnga3",4.63899,4.38365,4.54804,4.60972,4.87347,4.55983
"Inpp4a",7.914,8.04291,7.71893,7.91786,7.50164,7.80855
"Unc50",7.91618,7.90635,7.83781,7.8382,7.89509,7.90121
"Lipt1",4.75973,5.14829,5.05552,5.12138,5.0154,5.20641
"Mrpl30",8.6687,8.71906,8.72739,8.67173,8.67603,8.64077
"Eif5b",7.5562,7.66548,7.58343,7.54185,7.51652,7.66396
"Nms",4.50475,4.28636,4.58809,4.56576,4.59201,4.13788
"Pdcl3",7.11286,7.05834,7.09322,7.09891,7.09394,7.27958
"Npas2",5.37054,5.67349,5.39851,5.60236,5.59396,5.41311
"Rpl31",9.67269,9.59662,9.73366,9.73921,9.69929,9.82507
"Cnot11",7.15503,7.34454,7.21119,7.05258,7.28127,7.22497
"Map4k4",6.8053,6.41389,6.71669,6.74372,6.50252,6.6193
"Il1r2",4.56392,4.58301,4.49922,4.77256,4.70072,4.5823
"Il1r1",8.46357,8.91113,8.39649,9.30645,8.84544,9.35793
"Il1rl2",3.34514,3.51595,3.57152,3.51579,3.25495,3.38674
"Il1rl1",3.91507,3.85126,3.98958,3.86617,3.82843,3.72478
"Il18r1",3.97726,4.22531,4.25447,3.94213,4.03709,3.9024
"Il18rap",4.53226,4.5404,4.64745,4.65514,4.59488,4.61624
"Slc9a4",4.54244,4.84016,4.45629,4.75066,4.69539,4.65427
"Slc9a2",4.61329,4.63887,4.95084,4.72913,4.73439,4.623
"Tmem182",5.58105,5.77741,5.57954,5.56625,5.64185,5.52101
"Pou3f3",6.15943,6.04199,6.25463,6.25216,6.42188,5.96763
"Mrps9",7.31597,7.23167,7.36611,7.35643,7.34712,7.24902
"Gpr45",5.13308,4.96456,4.95519,5.20816,5.02369,4.9366
"AI597479",6.33077,6.41896,6.38277,6.53576,6.44247,6.35371
"Gm8580",9.13734,9.3431,9.38318,9.36205,9.41486,9.48231
"Nck2",5.70739,5.35795,5.38794,5.46946,5.50823,5.38523
"Arf1",7.02793,7.12271,6.95911,7.23874,6.96013,7.07606
"Tpp2",7.83253,7.93566,7.76459,7.8659,7.8385,8.01342
"Bivm",5.76138,6.03078,6.0484,6.11874,5.76154,5.91525
"Ercc5",7.6286,7.49363,7.45492,7.43192,7.34916,7.45551
"Gulp1",2.57627,2.48668,2.55022,2.59316,2.55494,2.29439
"Col3a1",6.27876,6.43615,6.34661,6.45854,6.36579,6.27752
"Wdr75",6.84315,6.92343,6.85022,6.67769,6.84936,7.01471
"Rpl23a",10.4567,10.4988,10.6387,10.6304,10.5787,10.6799
"Dnah7b",4.98317,4.57003,4.99688,4.54035,4.66292,4.77641
"Tmeff2",3.87737,3.73847,4.01486,4.00768,4.05102,3.98294
"Sdpr",5.96134,6.09092,6.05105,6.19937,6.04475,6.45624
"Stat4",3.15319,3.3756,3.22644,3.47515,3.00194,3.17006
"Stat1",7.55217,7.50274,7.67395,8.03132,7.8736,7.88414
"X16670",5.99943,5.60577,5.7284,5.22856,5.19265,6.05282
"Tmem194b",4.22533,4.09539,4.0367,4.19012,4.12181,4.25078
"Hibch",8.70453,9.19098,8.88675,8.88651,8.66395,9.08826
"Mstn",3.33439,3.41063,3.30966,3.30574,3.2979,3.30574
"Ormdl1",6.65017,6.37091,6.54347,6.14016,6.42411,6.53764
"Osgepl1",6.2805,6.4907,6.3573,6.03312,6.3099,6.63779
"Ccdc150",3.20603,3.02913,3.04418,3.03897,3.3947,2.96597
"Coq10b",7.78727,7.74645,7.77514,7.81176,7.80758,8.032
"Hspe1",11.3698,11.3471,11.212,11.2932,11.2603,11.2207
"Mob4",7.52222,7.71837,7.52053,7.53257,7.49347,7.66783
"Mars2",5.86655,5.90105,6.01818,5.88095,5.93478,6.03541
"Rps24",6.94383,6.89451,7.04492,6.9724,6.83881,7.07177
"Plcl1",5.37878,5.04496,4.86269,5.35075,4.99037,4.90844
"Spats2l",5.81539,5.82506,5.68437,5.7044,5.90328,5.81349
"Sgol2",4.12893,4.10551,4.00516,4.26226,4.3647,4.14651
"Aox1",9.32865,8.99635,9.1906,9.08702,9.18251,9.14193
"Aox3",10.0933,9.48329,9.70502,9.78609,9.84244,9.7636
"Aox4",5.05852,5.08796,5.15872,5.13924,5.14787,5.11545
"Aox2",4.56149,4.57963,4.4944,4.67932,4.52467,4.46852
"Bzw1",9.84444,9.9332,9.84348,9.81567,9.76023,9.89247
"Ppil3",7.21212,7.49222,7.31433,7.3125,7.25909,7.29433
"Ndufb3",6.6945,6.80097,6.84347,6.57816,6.98455,6.79391
"Cbx3",8.33885,8.25087,8.06909,7.90253,8.18234,8.12608
"Cflar",7.45854,7.13752,7.12151,7.1886,7.0841,7.70805
"Cflar",8.23519,8.02928,7.77275,8.09827,8.04402,8.55076
"Casp8",7.57282,7.80742,7.73579,7.93638,8.0409,8.09874
"Stradb",7.95764,8.05243,7.956,8.06715,7.99255,8.20122
"Tmem237",6.89917,6.47905,6.9568,6.87526,6.80078,6.66569
"Cdk15",4.13356,4.24118,4.32567,4.25187,4.27577,3.98385
"Fzd7",7.07766,7.01472,6.94612,6.84092,6.86549,6.68702
"Gm973",4.63306,4.54735,4.7203,4.66698,4.59963,4.59766
"Nop58",6.63448,6.74201,6.83739,6.88639,7.08722,7.14324
"Bmpr2",8.41219,8.33716,8.2694,8.33012,8.40729,8.44154
"Fam117b",6.54692,6.37948,6.59274,6.52113,6.74476,6.53212
"Carf",5.32576,5.27289,5.27425,5.42099,5.3957,5.33703
"Nbeal1",7.61102,7.56172,7.67329,7.62184,7.43084,7.84049
"Nbeal1",7.45707,7.34368,7.3731,7.41613,7.3878,7.42188
"Cyp20a1",6.57503,6.74548,6.54759,6.6731,6.51811,6.63497
"Abi2",5.5969,5.5592,5.58327,5.49252,5.48006,5.608
"Eif4a1",10.4056,10.4584,10.5003,10.4412,10.401,10.4477
"Cd28",3.96509,3.6658,4.07664,4.04143,3.99841,4.19803
"Ctla4",4.44553,3.84128,4.17302,4.39293,4.29578,4.08565
"Icos",5.05583,5.32888,4.90909,5.04335,4.95684,4.84249
"Rpl17",9.16277,9.29636,9.24436,9.28441,9.17072,9.36038
"Pard3b",6.28028,5.66405,6.32547,6.43497,6.24831,6.03124
"Pard3b",5.78237,5.48695,5.53722,5.56807,5.69727,5.62926
"Nrp2",6.22644,6.29604,6.73759,6.94835,6.74434,6.97022
"Eef1b2",8.92783,8.96423,9.03007,9.03316,8.97271,8.95397
"Snora41",4.44901,4.6211,4.6472,4.17773,4.70804,4.62921
"Zdbf2",4.46208,4.17802,4.15611,4.38085,4.25276,4.11384
"Adam23",7.07801,7.15062,7.27439,7.07139,7.14827,7.1342
"Fastkd2",6.37958,6.35457,6.485,6.41418,6.45424,6.68121
"Gm13749",2.52332,2.54021,2.43611,2.74325,2.78668,2.81159
"Creb1",7.03053,6.94859,6.79007,6.8807,6.7297,7.0551
"Ccnyl1",4.72601,4.85787,4.76452,4.85473,4.82842,4.82087
"Pikfyve",7.04484,7.1451,7.01015,7.14834,7.14551,7.22599
"Pth2r",4.3637,4.12229,4.0513,4.32357,4.14588,4.15624
"Crygf",3.70584,3.70822,3.53343,3.83362,3.71011,3.59091
"Map2",4.62011,4.69531,4.67413,4.73683,4.52741,4.62414
"Unc80",5.04769,5.07752,5.15095,5.17129,5.21252,5.03007
"Unc80",4.53325,4.87014,5.12461,4.83245,4.79992,4.86157
"Rpe",7.55983,7.62492,7.581,7.60366,7.57655,7.76575
"Cps1",12.8931,13.0932,13.047,12.9387,12.8734,12.9136
"Spag16",3.16574,3.11453,3.22351,3.19592,3.21463,2.94897
"Vwc2l",4.45836,4.52072,4.14264,4.07757,4.12146,4.13309
"Atic",7.79632,7.84082,7.89174,7.86254,7.94407,7.91007
"Rpl21",9.87138,10.0548,10.0356,9.97576,10.0109,10.2134
"Rnu2-10",9.12324,9.55229,9.50167,9.34771,9.46794,9.80441
"Rnu2-10",9.27281,9.71813,9.59295,9.46183,9.61469,9.92653
"Rnu2-10",9.12324,9.55229,9.50167,9.34771,9.46794,9.80441
"Tmem169",5.23419,5.13144,5.23896,5.34836,4.95739,4.99765
"Xrcc5",7.54191,7.66558,7.64117,7.66319,7.57115,7.69614
"Smarcal1",6.38434,6.39126,6.50427,6.5602,6.42843,6.46308
"Mir682",9.31689,9.16881,9.32799,9.27609,9.43853,9.45208
"Igfbp2",10.9624,10.8422,10.8437,10.6404,10.8714,10.6533
"Rufy4",5.1711,5.33537,5.31178,5.41025,5.3048,5.1242
"Cxcr2",2.83149,2.59658,2.83149,2.624,3.06615,3.00451
"Arpc2",9.74523,9.72185,9.71187,9.75399,9.75455,9.72956
"Gpbar1",6.53066,6.42523,6.41987,6.47352,6.42519,6.47965
"Pnkd",8.08263,8.01477,7.95889,8.14394,8.15341,8.13062
"Catip",4.80911,4.56873,4.60459,4.70614,4.68028,4.65989
"Slc11a1",6.21562,5.93879,6.23589,6.34575,6.22413,6.18244
"Ctdsp1",8.55403,8.36921,8.49274,8.50998,8.55687,8.62195
"Mir26b",5.86516,5.70129,5.74124,5.89784,5.64774,5.66735
"Vil1",4.74339,4.71916,4.66724,4.85967,4.62612,4.7532
"Rqcd1",6.82927,6.85955,6.73409,6.81821,6.77893,6.78921
"Zfp142",4.45598,4.23655,4.42154,4.22811,4.46986,4.33435
"Bcs1l",6.92958,7.07564,6.93578,7.14715,7.12627,7.30866
"Stk36",5.63914,5.58143,5.45288,5.66489,5.80702,5.75731
"Ttll4",7.31631,7.31532,7.36014,7.34924,7.40302,7.56604
"Cyp27a1",11.1847,11.3992,11.4251,11.3524,11.3669,11.4098
"Wnt6",6.10601,6.00822,6.24506,6.1863,6.08036,6.09985
"Wnt10a",5.73426,5.44351,5.94345,6.01863,6.12405,5.55241
"Cdk5r2",6.59406,6.33783,6.81003,6.74633,6.61079,6.26916
"Fam134a",8.80593,8.75617,8.68803,8.72334,8.77171,8.88532
"Zfand2b",7.25375,7.29303,7.17623,7.18165,7.30887,7.1073
"Ankzf1",6.94171,6.97691,7.08878,6.89996,6.76063,6.83362
"Tuba4a",8.84049,8.68812,8.74845,8.78409,8.86505,8.81182
"Dnajb2",6.52125,6.53689,6.58558,6.54461,6.52401,6.51486
"Des",5.37133,5.26892,5.35225,5.3302,5.27815,5.12162
"Speg",5.22851,5.38702,5.14888,5.31625,5.09205,5.23215
"Gmppa",7.06135,7.285,7.26263,7.19438,7.22043,7.44934
"Asic4",5.64498,5.58566,5.65202,5.66764,5.57294,5.55944
"Tmem198",5.08917,5.22394,5.14779,4.8877,5.24072,4.87108
"Inha",5.08735,4.76362,5.15585,5.04236,5.19799,4.85337
"Stk11ip",6.21669,6.33462,6.17596,6.27696,6.09972,6.30667
"Slc4a3",5.80443,5.80453,5.9672,6.05782,5.89748,5.70389
"Sgpp2",5.86552,5.78861,5.94653,5.89757,5.92204,5.74263
"Mogat1",4.66877,4.63321,5.15492,5.01922,4.92407,4.8985
"Utp14b",6.32195,6.46818,6.4923,6.29208,6.79973,6.45336
"Kcne4",4.92492,4.79322,4.84905,4.93109,4.81978,4.68762
"Mrpl44",7.91721,7.95249,7.98761,7.83594,7.95391,7.97747
"Nyap2",4.63922,4.78428,4.69912,4.70018,4.80141,4.71782
"AK089594",3.53695,3.20537,3.43927,3.53255,3.37329,3.35578
"Rhbdd1",7.08772,7.14422,7.19142,7.07499,7.02469,7.07991
"Col4a3",5.8283,5.88787,5.79403,5.83578,5.68753,5.73957
"Mff",7.99258,7.94683,7.90347,7.9045,7.89124,7.88165
"Agfg1",8.40471,8.35729,8.24753,8.31887,8.2047,8.4525
"Ccl20",5.28277,5.1981,5.25838,5.06684,5.01845,5.23779
"Daw1",3.40708,3.10963,3.40575,3.18075,3.1481,2.90506
"Fbxo36",7.17237,7.87978,7.59538,7.38003,7.50644,7.65485
"Gm7609",5.41402,5.60495,5.59551,5.78597,5.58761,5.61415
"Rpl19",10.5758,10.704,10.7934,10.7359,10.7949,10.8336
"A530040E14Rik",4.23894,3.72547,4.53173,4.15868,4.20998,3.90878
"Gm7609",5.41402,5.60495,5.57894,5.77216,5.58761,5.61415
"Sp110",3.83865,3.88996,3.75287,3.43494,3.64569,3.4773
"G530012D18Rik",4.01105,3.74919,3.73015,3.86347,4.01776,3.91602
"C130026I21Rik",5.29495,5.32348,5.0911,5.37013,5.16837,5.69407
"Sp100",5.85617,5.65908,5.70432,5.6482,5.631,5.97722
"Cab39",8.40256,8.33759,8.40556,8.35147,7.99894,8.54046
"Itm2c",7.16252,7.16528,7.19752,7.28198,7.21179,7.1535
"Spata3",3.9739,4.01883,4.02264,3.91551,3.92578,3.9011
"Psmd1",9.91755,9.88491,10.0545,9.98245,10.0732,9.97175
"Armc9",5.35835,5.25851,5.27935,5.17886,5.39269,5.351
"B3gnt7",6.28574,6.2046,6.27889,6.34973,6.43695,6.13469
"C130036L24Rik",6.76671,6.727,6.53888,6.7531,6.84847,6.41214
"Ptma",9.70076,9.63964,9.67388,9.88302,9.88877,9.79775
"Cops7b",6.67353,6.69684,6.77883,6.45413,6.60049,6.57342
"Dis3l2",6.89477,6.92564,6.82513,6.80898,6.91632,6.96586
"Akp3",5.82414,5.76307,5.87589,5.74728,5.82486,5.71664
"Eif4e2",7.08242,7.08736,7.08223,7.18957,7.15053,7.1344
"Efhd1",4.61853,4.42223,4.51006,4.49174,4.32325,4.4495
"Gigyf2",7.59901,7.49201,7.71053,7.58675,7.53753,7.72148
"Neu2",5.13047,5.1683,5.06847,5.22822,5.43796,5.39033
"Inpp5d",5.69916,5.78698,5.90557,5.90231,5.65836,5.83344
"Atg16l1",7.76196,7.76711,7.81731,7.87296,7.85918,7.803
"Sag",4.67143,4.6642,4.58339,4.38775,4.79818,4.52642
"Dgkd",7.18017,6.94032,7.15845,7.15121,7.1968,7.16816
"Ugt1a1",9.88586,9.87739,10.0438,9.85163,9.81671,9.95903
"Trpm8",4.13478,4.12377,4.12377,4.13478,4.02189,4.04533
"Spp2",8.36292,8.35828,8.36175,8.34998,8.3151,8.41673
"Sh3bp4",6.13735,5.86829,6.00877,5.96727,5.89846,5.76162
"Agap1",6.63241,6.71282,6.8108,6.77082,6.80891,6.70882
"Ackr3",4.26323,4.22304,4.59845,4.19012,4.05085,4.18964
"Cops8",7.94916,8.00481,7.95962,7.91837,7.92836,7.91452
"Mlph",5.75664,5.61201,5.65557,5.72722,5.71275,5.79141
"Prlh",6.30459,6.1224,6.27299,6.1913,6.21581,6.12423
"Lrrfip1",6.42021,6.61494,6.45807,6.44549,6.35764,6.45266
"Rbm44",2.8329,3.16152,2.98026,2.82058,2.84244,3.09232
"Ramp1",5.43119,5.7118,5.7151,5.62656,5.69677,5.52493
"Ube2f",7.07691,7.14657,7.00499,6.98664,7.00675,7.13983
"Zfp330",4.31022,4.1595,4.28324,4.32845,4.35907,4.87648
"Scly",8.47731,8.43796,8.38467,8.4583,8.41597,8.70564
"Espnl",6.53543,6.3548,6.37659,6.44556,6.74767,6.30879
"Klhl30",4.58261,4.8261,4.46589,4.81261,4.85251,4.39688
"Fam132b",5.01278,4.77763,4.91763,5.14558,5.06712,4.83459
"Traf3ip1",5.82098,5.97094,6.15232,6.17793,6.0552,5.94103
"Asb1",6.04141,6.04859,6.06363,6.18587,6.24466,5.98322
"Twist2",5.8538,5.51091,5.83406,5.84202,5.64593,5.46073
"Olfr1413",5.23338,5.20979,4.9224,5.20596,5.29421,5.11469
"Olfr1412",4.96148,4.9071,4.87003,5.01828,4.86916,4.67393
"Olfr1411",4.52865,4.5531,4.78774,4.66577,4.86758,4.58699
"Olfr1410",5.90925,5.9258,5.94957,5.88548,5.87644,5.94283
"Olfr12",4.62298,4.69984,4.81422,4.92268,4.84644,4.7793
"Gpr35",5.52213,5.4231,5.49804,5.5867,5.49001,5.33734
"Gpc1",6.7152,6.46638,6.74607,6.63431,6.59701,6.43279
"Mir149",5.96403,5.60084,6.15432,6.17827,6.07154,6.021
"Dusp28",6.41425,6.1084,6.24967,6.45282,6.3316,6.23229
"Rnpepl1",8.19304,8.2364,8.21188,8.21628,8.11744,8.30861
"Capn10",6.71342,6.40265,6.69876,6.54235,6.44792,6.41678
"Aqp12",5.86008,5.8145,5.83433,5.88022,5.74951,5.84322
"Agxt",9.08006,8.9017,8.69804,8.81628,8.32459,8.69302
"Sned1",6.24504,6.10858,6.23118,6.05018,6.24917,6.07242
"Ppp1r7",7.66434,7.73359,7.78926,7.65052,7.65378,7.72699
"Ano7",5.25165,5.02542,5.17483,5.26325,5.47499,5.3287
"Sept2",8.83735,8.79345,8.77623,8.91579,8.7915,8.88393
"Farp2",7.16365,7.39946,7.23005,7.25643,7.26514,7.45998
"Bok",6.93716,6.85967,6.88672,6.92593,6.88989,6.74359
"Thap4",5.16979,5.38345,5.11304,5.05484,4.98315,5.14653
"Atg4b",7.5483,7.66429,7.64472,7.41906,7.50514,7.64929
"Ing5",6.69059,6.52619,6.72044,6.74913,6.60077,6.62896
"D2hgdh",7.1984,7.04092,7.16536,6.93389,7.10349,7.07329
"Gm9994",3.91297,4.12521,3.69329,4.27864,4.15685,3.78744
"Gm9994",3.904,4.2239,3.75416,3.904,4.14459,3.75638
"Gm6086",5.90389,5.9849,6.34992,5.83485,6.02545,6.38429
"Neu4",5.15579,5.14277,5.37893,5.45125,5.1263,4.94999
"Fam174a",6.5171,6.32149,6.59828,6.21044,6.51602,6.37472
"Rpl18a",10.9893,11.0101,11.0851,11.0742,11.122,11.1513
"Hnrnpf",10.1963,10.1449,10.1747,10.1916,10.0918,10.1312
"Gin1",6.94062,7.09658,6.58358,6.80301,6.90662,6.84908
"Slco6d1",2.70118,2.38195,2.5874,2.50605,2.47753,2.59698
"Cntnap5b",3.02556,3.0486,3.15048,3.02926,3.06087,2.99957
"Cdh20",4.89007,4.86429,5.08559,4.74703,4.94503,4.58884
"Capza1",8.18483,8.34492,8.24691,8.18349,8.11705,8.26622
"Zfp706",9.29564,9.39997,9.30465,9.24361,9.34214,9.38604
"Tnfrsf11a",4.80424,4.80413,4.83883,4.71637,4.8732,4.72
"Zcchc2",7.45214,7.36727,7.33115,7.25146,7.03468,7.38613
"Phlpp1",7.42274,7.48,7.50585,7.36015,7.48541,7.58066
"Bcl2",3.79343,3.38781,3.34353,3.86687,3.66888,3.78746
"Serpinb5",2.69729,2.72329,2.83134,2.5839,2.75199,2.76871
"Serpinb12",2.34877,2.28215,2.34302,2.55332,2.3958,2.34877
"Serpinb13",2.65429,2.80707,2.67661,2.78952,2.88505,2.8597
"Serpinb11",2.42345,2.42039,2.53417,2.55298,2.56459,2.63505
"Serpinb7",1.96308,2.07014,1.97906,2.25541,2.08939,1.87611
"Serpinb2",3.27031,3.31675,3.232,3.27901,3.56733,3.38205
"Serpinb10",2.33681,2.51749,2.3319,2.29603,2.62542,2.41739
"Serpinb8",4.83852,4.3386,4.50833,4.94039,5.10309,4.72707
"Cdh7",3.68989,3.66253,3.87217,3.90995,3.81738,3.80176
"Cntnap5a",3.55376,3.59631,3.52095,3.49259,3.65668,3.42659
"Nifk",7.45191,7.5668,7.63911,7.57765,7.62727,7.71929
"Clasp1",6.86801,6.97011,6.95168,7.02868,6.89077,6.96317
"Tfcp2l1",6.32344,6.2109,6.40445,6.50099,6.55544,6.42484
"Tmem185b",6.68089,6.59904,6.67106,6.57523,6.5214,6.73788
"Sctr",5.43925,5.45034,5.63581,5.38231,5.41496,5.21731
"C1ql2",6.03605,6.08305,6.08572,5.9219,6.07976,5.79781
"En1",5.41668,5.4873,5.54581,5.54492,5.49259,5.29026
"Ccdc93",5.99289,5.78917,5.91186,6.1295,5.94257,6.03636
"Dpp10",4.99789,4.98604,4.98641,5.02568,5.0326,5.02988
"Slc35f5",9.36447,9.12742,9.1756,9.44885,9.549,9.45963
"Lypd1",5.66224,5.78919,5.70657,5.60183,5.76844,5.79002
"Mgat5",6.35086,6.38557,6.47924,6.68765,6.67206,6.54627
"Acmsd",7.57911,8.23834,7.15615,6.98311,6.32907,6.83299
"Ccnt2",7.4528,7.63203,7.26083,7.37909,7.30831,7.47078
"Rab3gap1",7.66326,7.77292,7.68149,7.57066,7.62562,7.72321
"Rpl28",10.5496,10.5304,10.6647,10.6945,10.6424,10.6756
"R3hdm1",7.20713,7.32167,7.32513,7.43576,7.1739,7.46784
"Mir128-1",4.55739,4.55347,4.55938,4.5682,4.64081,4.53502
"Ubxn4",8.98633,9.32936,9.12647,9.06667,9.26765,9.34451
"Thsd7b",4.86206,4.81536,5.01561,4.96701,4.81982,4.75288
"Yod1",6.96846,7.07214,6.79015,6.76966,6.95242,7.01239
"AA986860",5.97341,6.13176,5.98362,5.93675,5.65034,5.86513
"Fcamr",4.49676,4.60214,4.87605,4.75962,4.7685,4.80092
"Pigr",11.1499,11.0532,11.0505,11.1471,11.0313,11.1729
"Faim3",4.95199,5.01034,4.87982,5.03512,4.92221,4.99967
"Il10",3.18953,3.21698,3.11733,3.32977,3.27874,3.269
"Eif2d",6.69477,7.02946,6.8352,6.84259,6.85416,7.10159
"Fam72a",3.82446,3.63349,3.7658,3.64985,3.64648,3.72368
"Avpr1b",4.67405,4.74691,4.69961,5.11719,4.41797,4.52195
"Ctse",4.91153,4.81312,5.04135,4.91233,5.17697,4.94208
"Slc26a9",4.78141,4.75291,4.90089,4.88003,5.11721,4.52985
"Pm20d1",8.10271,8.13878,8.04453,8.13168,7.96444,8.39293
"Slc41a1",5.51299,5.98429,5.78748,6.4395,6.48422,6.51535
"Rab29",6.88658,6.86271,6.77862,6.82978,6.85617,6.8179
"Nucks1",9.6233,9.59627,9.6157,9.51209,9.2749,9.49286
"Slc45a3",8.60984,8.89228,8.62309,9.07316,9.07621,9.07267
"Elk4",8.04827,8.1308,8.16232,7.96482,7.95766,8.17168
"Lemd1",3.22711,3.37032,3.52163,3.30407,3.46939,3.41581
"Mir135b",4.42276,4.29214,4.36445,4.62836,4.29936,4.17701
"Klhdc8a",5.68419,5.72049,5.74102,5.66748,5.60787,5.72704
"Nuak2",6.83411,6.87788,6.84874,6.88637,6.3563,6.62502
"Dstyk",6.43132,6.48943,6.47709,6.59683,6.51486,6.47027
"Rbbp5",7.12933,7.14176,7.16994,6.9861,6.91737,7.1418
"Tmem81",5.48397,5.53678,5.69185,5.63588,5.24006,5.77662
"Lrrn2",6.35355,5.87395,6.20554,6.2425,6.30786,6.01301
"Pik3c2b",6.36456,6.23957,6.30265,6.30337,6.15638,6.16209
"Ppp1r15b",8.13604,8.09645,8.03428,8.19408,8.06816,8.18405
"Plekha6",6.76731,6.80047,6.69023,6.71374,6.57476,6.96256
"Golt1a",7.9941,8.14463,8.01935,7.94996,7.89927,7.86258
"Kiss1",6.01635,6.01702,6.12169,5.9846,6.16139,5.93814
"Ren2",5.36604,5.02184,5.26086,5.46785,5.26619,4.98976
"Etnk2",10.0061,10.2575,9.72404,9.80919,9.27627,9.71923
"Fmod",5.16451,5.36964,4.74565,5.2954,5.33228,4.80393
"Chit1",3.79441,4.32432,4.17521,4.24281,4.12293,3.93857
"Chil1",5.07109,5.13304,5.28311,5.32593,5.04688,5.25144
"Mybph",6.00471,5.9199,5.96725,5.97398,6.08503,6.14372
"Myog",5.17603,5.10392,5.37085,5.45499,5.38858,5.01481
"Cyb5r1",6.34127,6.25224,6.18655,6.18005,6.37534,6.03662
"Adipor1",9.09993,9.09369,9.09813,9.03162,8.99504,9.01477
"Klhl12",5.9788,6.24266,6.38469,6.13935,6.29728,6.10425
"Rabif",7.24727,7.05388,7.13514,7.14732,7.03871,7.24418
"Gm8580",8.98732,9.18831,9.25307,9.21873,9.25729,9.38407
"Kdm5b",7.38451,7.90193,7.66388,7.52057,7.54616,7.50525
"Syt2",5.83041,5.87273,5.86756,5.38771,5.62135,5.52312
"Ube2t",3.13229,3.18955,3.01782,3.04309,3.08655,2.78961
"Ptprv",5.46631,5.30319,5.52837,5.28525,5.5176,5.36079
"Ptpn7",5.44728,5.62849,5.65838,5.60906,5.81253,5.63776
"Arl8a",7.25272,7.20289,7.21981,7.1905,7.38088,7.32407
"Lmod1",5.46425,5.58861,5.83433,5.65605,5.68849,5.33758
"Nav1",5.18648,5.20219,5.2674,5.27202,5.20307,4.99092
"Csrp1",6.7489,6.77884,6.81533,6.86934,6.74725,6.71151
"Phlda3",5.76024,5.66284,5.84758,5.78885,5.799,5.8642
"Tnni1",5.63549,5.67749,5.50782,5.48541,5.54493,5.55147
"Lad1",6.07189,6.6308,6.52836,6.45479,6.37793,6.41146
"Tnnt2",5.80836,5.84098,5.90296,5.86931,5.86328,5.87921
"Tmem9",6.52192,6.53868,6.70311,6.52236,6.5551,6.6195
"Cacna1s",5.24544,4.99351,5.2781,5.10275,5.32715,5.04006
"Kif21b",5.41455,5.27065,5.24317,5.21863,5.38315,5.00234
"Ddx59",5.54704,5.56514,5.62658,5.57631,5.69144,5.59162
"Kif14",3.87551,3.64912,3.91413,4.01628,3.92514,3.92336
"Zfp281",7.6976,7.68905,7.50292,7.49135,7.58191,7.50943
"Hmbs",7.60766,7.80794,7.70659,7.66796,8.04244,7.90455
"Mir181a-1",2.13415,2.11646,2.03939,2.12531,2.41897,2.15185
"Mir181b-1",2.37309,2.60443,2.53906,2.42414,2.44422,2.61994
"Atp6v1g3",4.29617,4.03946,4.30908,4.01461,4.37216,3.90933
"Dennd1b",6.92887,6.99429,7.02533,6.90668,6.95469,7.21321
"Zbtb41",6.91357,6.91442,6.88641,6.87241,6.92549,7.08274
"Aspm",4.43122,4.34706,4.23692,4.30163,4.02598,4.15606
"F13b",9.76029,9.82473,9.73643,9.73035,9.60796,9.81258
"Kcnt2",3.97486,3.95994,3.92018,3.45526,3.87075,3.90925
"B3galt2",2.76182,2.69691,2.78618,2.50693,2.65671,2.54573
"Glrx2",8.97863,8.8539,8.8664,8.88304,8.92018,8.8141
"Uchl5",7.34123,7.22342,7.16527,7.14704,7.22136,7.37358
"Brinp3",4.12378,3.86271,3.96247,4.07273,4.06343,4.01253
"Ptgs2",4.74788,4.54168,4.60007,4.63198,4.46099,4.48671
"Pdc",3.74333,3.91632,3.81809,3.65517,3.97148,3.78092
"Tpr",8.23048,8.33358,8.32779,8.28466,8.26756,8.34512
"Ska2",3.10364,3.07487,3.01116,3.40954,3.21888,3.21193
"Ivns1abp",9.69832,9.749,9.63298,9.72701,9.50377,9.62106
"Trmt1l",6.74272,7.06868,6.91066,6.93708,6.74862,7.15158
"Fam129a",4.98765,4.9086,4.92372,5.12551,5.36703,5.39746
"Edem3",7.75149,7.89228,7.91218,7.78964,7.88264,7.92563
"Colgalt2",4.26797,4.16341,4.33398,4.4009,4.35672,4.15212
"Apobec4",2.66098,2.39282,2.45836,2.53298,2.43106,2.43729
"Arpc5",8.34946,8.37113,8.32477,8.42685,8.36252,8.44876
"Ncf2",5.76335,5.75524,5.78128,5.71923,5.90725,6.08556
"Nmnat2",5.84529,5.68041,5.75304,5.71992,5.91286,5.68809
"Shcbp1l",3.37018,3.23006,3.42896,3.48743,3.36641,3.30718
"Rgs8",5.13531,5.30304,5.19504,5.07931,5.16893,5.04468
"Rgs16",7.326,8.80729,9.18643,8.11827,8.42214,8.8553
"Rnasel",4.72128,4.77371,4.4857,4.63056,4.71984,4.58217
"Gm5531",5.1278,4.95913,5.32176,5.58679,5.77391,5.21444
"Teddm1",5.05593,4.7348,4.75168,4.69372,4.8938,4.8794
"Glul",10.9854,11.4312,11.5185,11.451,11.6952,11.5479
"AK080751",6.7406,7.11972,7.18423,7.31613,7.47484,7.35499
"Stx6",6.40774,6.49725,6.52981,6.41344,6.37954,6.4783
"Acbd6",7.12824,6.94704,7.05488,6.87628,7.01504,6.98923
"Tor1aip2",6.81878,6.75513,6.82964,6.92554,6.85512,6.82957
"Tor1aip2",8.00354,8.19611,8.05269,8.06274,8.0762,8.16217
"Tor1aip2",8.58716,8.41612,8.49276,8.35214,8.59514,8.66112
"Nphs2",4.08822,4.03323,4.05046,4.23286,4.29161,4.28544
"Rpl35",8.46083,8.38451,8.51598,8.44458,8.57486,8.62164
"Csnk2a1",9.51207,9.58388,9.61272,9.48886,9.34133,9.70947
"Abl2",6.24249,6.5225,6.49943,6.30154,6.31334,6.00361
"Angptl1",3.74618,3.74028,3.83696,3.53628,3.86622,3.97553
"BC026585",7.08155,7.11194,7.04061,7.10526,6.88552,7.04448
"Sec16b",8.72828,8.87721,8.93718,8.85845,8.76515,8.97064
"Astn1",5.18435,5.04208,5.139,5.21638,5.12077,4.94165
"Mir488",1.95881,2.10349,2.02928,2.02576,2.12071,1.97868
"Rfwd2",8.24285,8.1836,8.20558,8.12694,8.10618,8.26775
"Tnr",4.06068,3.87441,4.26994,4.28088,4.29204,4.0787
"Mrps14",7.81965,7.92312,7.78182,7.64931,7.91546,7.55086
"Rpl23a",9.42663,9.44322,9.64848,9.5631,9.48699,9.66613
"Rc3h1",7.9505,7.96838,7.8696,7.9957,8.01661,8.18745
"Rc3h1",7.50344,7.50535,7.33834,7.37367,7.29039,7.48248
"Serpinc1",11.4645,11.4173,11.4919,11.4953,11.4508,11.5637
"Gas5",10.6949,10.6633,10.5968,10.6659,10.6463,10.6723
"Gas5",6.39374,6.40445,6.43162,6.58596,6.48912,6.35171
"Gas5",8.77402,8.95415,9.05084,8.91421,9.0832,9.1176
"Gas5",4.49138,4.49138,4.60101,4.55448,4.68432,4.86855
"Snord47",6.50316,6.28407,6.63254,6.4034,6.49648,7.06545
"FM991906",5.06578,5.2506,5.04763,5.14472,4.99759,5.14374
"Cenpl",5.27311,5.08452,5.22505,5.23547,5.13053,4.97473
"Ankrd45",4.58642,4.58329,4.50212,4.58442,4.45926,4.44924
"Tnfsf4",3.59739,3.32131,3.50641,3.50641,3.5459,3.10458
"Tnfsf18",3.6405,3.78427,3.57745,3.51335,3.45244,3.70571
"Pigc",5.84657,5.98346,5.82912,5.63305,5.71525,5.51368
"Mir199a-2",4.51972,3.50134,3.95433,4.40658,4.37224,4.01624
"Dnm3",4.61249,4.40955,4.25762,4.59845,4.52752,4.33783
"Vamp4",7.44738,7.35071,7.39828,7.28546,7.31336,7.45019
"Myoc",4.30484,4.12251,4.18788,4.38226,4.19517,4.21626
"Kifap3",5.93023,5.90135,6.01124,5.96642,5.92223,6.0349
"Scyl3",7.66986,7.68797,7.68435,7.68933,7.70847,7.61751
"Mettl18",5.66733,5.42988,5.49676,5.3259,5.51391,5.33518
"Sele",5.17569,4.97669,5.06449,5.19102,5.20479,5.04969
"Sell",4.92958,4.77971,4.66564,4.97923,4.99115,4.93882
"Selp",5.18216,5.23339,5.20696,5.13508,5.16731,5.30514
"F5",10.351,10.2892,10.3569,10.2471,10.2183,10.4119
"Slc19a2",9.42498,9.24335,9.20267,9.24586,8.91047,9.30124
"Ccdc181",6.21782,6.00221,5.74619,5.69887,5.86722,5.598
"Nme7",6.02288,6.02398,6.13678,6.05761,6.03554,6.12794
"Dpt",4.90861,5.45034,5.31888,5.60655,5.56346,5.36914
"Gpr161",4.50056,4.37357,4.60092,4.4367,4.74099,4.48257
"Mpc2",9.49243,9.41058,9.35745,9.23718,9.32809,9.13461
"Adcy10",3.02185,2.81094,2.95199,2.88878,2.87161,2.97573
"Creg1",10.4688,10.3002,10.4792,10.2722,10.428,10.3777
"Cd247",4.81818,4.87997,4.80106,4.95807,4.7381,4.66491
"Gpa33",4.2774,4.31305,4.16312,4.26532,4.11821,4.12907
"Ildr2",6.63221,6.16125,6.20547,6.5749,6.42751,6.74554
"Tada1",7.12004,7.11689,7.21423,7.32739,7.31508,7.35994
"Fam78b",4.27216,4.01389,4.1673,4.09655,4.24992,3.8148
"Tmco1",7.98113,7.97255,7.93985,7.87154,8.00104,7.96737
"Aldh9a1",10.1791,10.1841,10.1996,10.2431,10.1196,10.171
"Rxrg",5.66164,5.51724,5.77033,5.46432,5.67828,5.75776
"Lmx1a",5.16266,5.27731,5.31776,5.28568,5.19314,5.02809
"Rgs5",7.18429,6.78588,6.53988,6.81364,6.71837,6.80024
"Uhmk1",6.1323,6.211,6.22065,6.35491,6.44582,6.0658
"Sh2d1b2",2.36852,2.20036,2.78668,2.55809,2.66571,2.30623
"Sh2d1b1",3.02915,2.83274,2.95086,2.84128,3.10762,2.67583
"Nos1ap",4.52856,4.27728,4.84595,5.23329,4.83727,4.34113
"Olfml2b",4.86798,4.95607,4.81294,4.94037,4.79312,4.98151
"AK089343",5.7639,5.76453,5.92206,5.7551,5.68747,5.60271
"Dusp12",5.47991,5.30586,5.47315,5.49771,5.37079,5.44097
"FJ556972",4.62575,4.62611,4.49913,4.64043,4.2077,4.41835
"Fcgr4",5.08034,5.21501,5.34091,5.3962,5.42598,5.35122
"Rnu1b6",7.37159,7.54069,7.48337,7.39709,7.43495,7.66929
"Mpz",5.50173,5.23238,5.374,5.25607,5.64328,5.21111
"Nr1i3",10.1999,10.2664,10.7388,10.1284,10.2331,10.2812
"Apoa2",13.1221,13.0781,13.2587,13.184,13.2844,13.2985
"Adamts4",5.40253,5.2369,5.39181,5.43971,5.49046,5.19265
"B4galt3",5.95193,5.77085,5.8502,5.71666,5.80059,5.71318
"Dedd",7.34641,7.43961,7.42435,7.47583,7.51277,7.40849
"Pfdn2",8.36481,8.47177,8.37802,8.40138,8.45766,8.4718
"Pvrl4",5.1646,5.37714,5.39581,5.24287,5.17918,5.12097
"Arhgap30",5.34588,5.33157,5.37171,5.55148,5.44719,5.4531
"Usf1",6.75152,6.47257,6.57377,6.48846,6.67872,6.63205
"F11r",8.68285,8.64196,8.62429,8.73564,8.58284,8.73083
"Alyref2",6.24023,6.46843,6.28245,6.26633,6.45814,6.58921
"Itlnb",4.4305,4.13599,4.5816,4.79718,4.45274,4.50827
"Cd48",4.28019,4.09888,4.37966,4.3199,4.28584,4.31739
"Tma7",7.71272,7.84625,7.75801,7.597,7.78008,7.7581
"Slamf1",2.91007,3.06041,2.98858,2.85895,2.78169,2.91694
"Cd84",4.79435,4.76302,4.83601,4.8616,4.91403,4.95725
"Slamf6",3.23892,3.67056,3.50972,3.35108,3.56048,3.35087
"Copa",10.1064,10.1326,10.181,10.2203,10.218,10.205
"Pex19",9.07253,9.11783,9.35553,9.2646,9.24738,9.26728
"Dcaf8",9.12893,9.25202,9.12974,9.19668,9.1887,9.19127
"Igsf8",5.95605,5.98511,6.16779,6.20295,6.00556,5.76519
"Kcnj10",4.98129,5.02135,5.12818,5.11263,5.21434,4.81232
"Pigm",6.47917,6.81688,6.41882,6.48021,6.49928,6.67606
"Slamf9",5.08995,5.24056,5.19317,5.35571,5.11527,5.11841
"Igsf9",5.85495,5.77268,5.91138,5.85115,5.97058,5.81726
"Tagln2",5.76054,5.97714,5.83016,6.18276,5.99495,5.99073
"Cfap45",4.38609,4.45433,4.48414,4.62032,4.75169,4.10564
"Vsig8",5.83373,5.76664,5.80994,5.79302,5.97111,5.66795
"Crp",10.5045,10.6132,10.4328,10.7245,10.7544,11.0166
"Olfr418-ps1",4.50357,4.35582,4.53367,4.34341,4.44101,4.46927
"Olfr218",2.91687,3.05172,2.87754,3.00011,3.17618,2.90073
"Olfr1404",3.47636,3.45824,3.53041,3.38023,3.41228,3.45983
"Olfr418-ps1",3.58754,3.54393,3.78978,3.67166,3.45177,3.66186
"Aim2",3.85961,3.90185,4.15318,3.69577,3.77601,3.76497
"Pyhin1",2.72089,3.04124,2.95588,2.88313,3.03558,2.94312
"Pydc3",2.1938,2.69837,2.73632,2.72683,2.69813,3.08791
"Olfr433",4.67588,4.62772,4.64602,4.81072,4.55465,4.60058
"Olfr432",3.46118,3.59436,3.50538,3.32793,3.64483,3.62261
"Olfr430",3.02182,2.97971,3.31433,3.0152,3.26609,3.19116
"Olfr429",3.66465,3.36432,3.55851,3.88084,3.7721,3.28165
"Olfr427",3.29646,3.61941,3.31313,3.17522,3.3628,3.47431
"Olfr424",4.50678,4.47251,4.76404,4.54717,4.51353,4.58124
"Olfr421-ps1",2.83472,2.8738,2.85987,2.6441,3.004,2.60628
"Olfr420",4.97721,5.07718,4.85526,5.01513,4.86142,5.05155
"Spta1",4.18145,3.86961,4.12861,4.09027,3.99882,3.9696
"Mptx1",2.69409,2.82121,2.97937,2.8615,2.74342,2.92155
"Olfr417",5.32794,4.70363,4.88758,4.84166,5.19267,5.01592
"Olfr248",3.13867,2.91853,3.04034,3.10445,2.87152,2.78826
"Olfr414",4.68463,4.8052,4.67479,4.54211,4.7556,4.67495
"Olfr220",4.87234,4.35213,4.42003,4.44083,4.67983,4.6094
"Fmn2",3.53031,3.62983,3.60378,3.7541,3.46516,3.52706
"AK142791",2.6342,2.59505,2.30329,2.30244,2.12584,2.41666
"Kmo",10.528,10.7974,10.5173,10.6306,10.524,10.694
"Wdr64",4.10354,4.29688,4.28349,4.22045,4.30916,3.94353
"Exo1",4.50537,4.7928,4.58054,4.73219,4.67296,4.85476
"Sdccag8",5.9575,5.99832,6.00819,6.20402,5.98049,6.16254
"Zbtb18",7.13489,6.80477,6.85367,6.71809,6.70753,7.0495
"Gm16432",2.92396,3.02297,3.00415,3.05734,2.9229,2.67975
"Desi2",7.47723,7.28636,7.22601,7.43994,7.32634,7.42369
"Cox20",7.74642,7.68281,7.94491,7.86939,7.62594,7.86711
"Efcab2",4.5928,4.27382,4.40806,4.45684,4.6272,4.69527
"Kif26b",5.32633,5.27538,5.37686,5.2615,5.50475,5.07679
"Kif26b",4.92168,5.0697,5.11833,5.30809,5.47653,5.14835
"Cnst",6.06993,6.17719,6.03171,6.31206,6.37384,6.2114
"Sccpdh",5.25347,5.05846,5.23971,5.18399,5.0894,5.27096
"Ahctf1",5.86556,5.75195,5.7505,5.90966,5.84965,5.90601
"Cdc42bpa",7.44065,7.51132,7.52187,7.4554,7.58689,7.57719
"Itpkb",5.80283,5.66911,5.83771,5.93192,5.87156,5.93553
"Parp1",7.13649,7.26814,7.12774,7.15415,7.10448,7.32836
"Lin9",2.93659,3.00211,3.09276,3.24085,2.95402,2.8482
"Acbd3",8.01179,8.13684,7.98292,8.02775,7.9744,8.05119
"Sde2",6.68463,6.71488,6.71918,6.71897,7.04942,6.79053
"Lefty2",3.90971,4.09504,3.87837,3.93804,3.85647,3.81125
"Pycr2",6.1025,5.84003,6.22579,6.21283,6.21758,6.0547
"Lefty1",4.77862,4.87785,4.98561,5.01519,4.74185,4.60678
"Tmem63a",7.37846,7.25617,7.35225,7.2823,7.22554,7.26086
"Cnih4",7.9897,7.86207,7.65711,7.81407,7.70334,7.91869
"Haus5",6.06423,5.90698,5.91034,6.1355,6.08094,6.06275
"Cnih3",4.89345,4.9669,5.17886,5.1998,5.12397,4.99948
"Srp9",6.90432,6.76522,6.95163,6.7867,6.94081,6.61221
"Trp53bp2",7.75165,7.89347,7.67124,7.62333,7.65868,7.60704
"Capn8",5.53499,5.79209,5.51585,5.21161,5.49992,5.40183
"Susd4",6.59294,7.11197,6.85154,6.71017,7.02975,7.02565
"Dusp10",5.8914,5.92022,5.88403,5.79499,6.11457,5.71643
"Rpl21",10.0869,10.0647,10.1627,10.1839,10.1448,10.2661
"Rab3gap2",6.94107,7.06268,7.0736,6.92202,7.03777,7.12218
"Mir664",2.34753,2.29166,2.2833,2.56318,2.21969,2.26251
"Mir194-1",6.40264,6.42416,6.31903,6.34207,6.39773,6.43565
"Mir215",3.17879,3.64881,3.43417,3.2944,3.23715,3.37298
"Bpnt1",8.86997,8.95737,9.01915,9.01108,9.02045,9.02705
"Eprs",8.87171,9.05156,8.94433,8.99371,8.82584,8.99397
"Slc30a10",8.44624,8.12583,8.2698,8.83157,8.67346,8.60711
"D1Pas1",4.52323,4.22234,4.29408,4.59014,4.56313,4.46728
"Gpatch2",7.01163,7.10341,7.02955,7.12643,7.169,7.14034
"Esrrg",5.8058,6.28585,6.48065,6.41084,6.69025,6.78725
"Ush2a",4.54172,4.61088,4.53583,4.69577,4.53461,4.55766
"Ptpn14",6.46615,6.27221,6.22262,6.26026,6.49188,6.14638
"Angel2",7.13499,7.15882,7.02195,7.16837,7.21745,7.26958
"A230020J21Rik",5.71283,5.62205,5.57805,5.69827,5.76807,5.76791
"Spata45",3.72469,3.76634,3.43559,3.60273,3.40261,3.53798
"Nsl1",4.85144,4.55256,4.86074,4.94762,5.16916,4.94026
"Batf3",5.77219,6.12068,6.06129,5.99447,6.20619,5.82992
"Tmem206",5.70076,5.73508,5.42921,5.83647,5.6358,5.60381
"Ints7",7.37221,7.41293,7.35592,7.48393,7.40566,7.50178
"Lpgat1",9.91203,9.89424,9.97749,10.2446,10.1454,10.292
"Nek2",5.85902,5.42499,5.67691,5.71116,5.94187,5.52988
"Slc30a1",8.38461,8.26739,8.08893,8.09039,8.27088,8.08646
"Rd3",4.98274,5.02597,5.18894,5.15323,5.16948,5.10706
"Gm10516",4.36739,4.33969,4.40441,4.39729,4.3834,4.16071
"Kcnh1",5.01872,5.02274,5.21628,5.06464,5.02523,4.9045
"Irf6",7.56459,7.55565,7.52871,7.48968,7.66052,7.50706
"A130010J15Rik",5.90138,5.84734,5.87697,5.66181,5.80483,5.82111
"Lamb3",6.22272,6.21271,6.36618,6.50509,6.59629,6.30277
"Plxna2",6.85218,6.6243,6.78916,7.02901,6.72912,7.10291
"Cd34",5.08439,4.69352,5.13011,5.19331,5.0922,4.72285
"A330023F24Rik",6.67486,6.63509,6.35296,6.25494,5.80993,6.16999
"Mir29b-2",5.57324,5.17034,5.34301,4.74346,4.40087,4.77851
"Mir29c",6.45188,6.2601,6.18502,5.78988,5.66362,5.93635
"Xkr4",5.48312,5.2389,5.61896,5.53482,5.45401,5.43414
"Rp1",2.77856,2.99863,3.09034,3.22819,3.14038,2.90893
"Sox17",4.51509,4.63884,4.66819,4.8006,4.82667,4.40227
"Mrpl15",7.62498,7.70005,7.62385,7.63168,7.59976,7.63737
"Hmgb3",6.88557,6.7859,7.08919,6.79887,6.9058,6.69852
"Rgs20",4.03565,3.96705,4.05701,4.05453,4.21697,3.95553
"Npbwr1",5.34411,5.39946,5.37122,5.69567,5.71073,5.33471
"Rb1cc1",7.2813,7.04923,7.22583,7.19254,7.23217,7.05091
"Sntg1",4.14811,4.37181,4.35398,4.63832,4.10793,3.9485
"Cks2",6.52319,6.53756,6.45382,6.34784,6.35472,6.56849
"Mybl1",2.9563,2.88834,2.89007,3.27704,3.05321,2.92846
"Vcpip1",7.88964,8.0995,7.92701,8.12201,8.05626,8.03633
"Gm6195",5.83189,5.83452,6.11912,5.91489,5.85002,5.62687
"Snord87",5.13779,4.81029,5.17108,5.51483,5.43314,5.43375
"Ppp1r42",2.52183,2.47878,2.44003,2.50146,2.37425,2.44461
"Cops5",8.24436,8.20149,8.2013,8.10732,8.07171,8.38822
"Arfgef1",8.91067,9.08705,8.97034,8.86097,8.88858,9.18873
"Cpa6",2.87878,2.94054,3.01922,3.00162,3.18649,2.90421
"Slco5a1",4.26689,4.83404,4.49895,4.37641,4.51069,4.20006
"Prdm14",4.75356,4.81368,4.96557,4.71282,4.74789,4.56049
"Ncoa2",7.35478,7.64378,7.37232,7.48743,7.4784,7.59356
"Tram1",10.3019,10.2173,10.1871,10.2191,10.1936,10.242
"Lactb2",9.60418,9.6474,9.69839,9.50607,9.55271,9.79657
"Gm12070",12.1137,12.1395,12.2266,12.1858,12.1878,12.1415
"Eya1",4.42504,4.41597,4.26033,4.19389,4.30307,4.39871
"Msc",5.48542,5.3938,5.5041,5.53296,5.57831,5.37925
"Sumo2",9.07892,9.13954,9.12379,9.04459,9.03769,9.1074
"Trpa1",3.74955,3.64971,3.77132,3.56134,3.88023,3.35326
"Gapdh",12.5466,12.6102,12.6449,12.6501,12.5992,12.5621
"Sbspon",3.91932,3.93766,4.18869,3.9856,4.21618,3.94909
"Rpl7",9.73144,9.73701,9.84598,9.80996,9.82726,9.91625
"Stau2",6.00242,6.04721,6.01597,5.99525,6.09121,6.03233
"Ube2w",7.1298,7.24403,7.16542,7.21106,6.98295,7.3374
"Tceb1",8.59361,8.45839,8.39045,8.35474,8.55101,8.49074
"Tox4",5.82778,6.17455,6.11106,6.04524,5.88251,6.27779
"Jph1",4.81393,4.20867,4.30226,4.55023,4.7465,4.425
"Jph1",5.8451,5.44556,5.43024,5.37753,5.64697,5.46795
"Crisp4",2.14478,2.17537,2.03386,2.17477,2.36777,2.11574
"Defb44-ps",2.37044,2.29898,2.38022,2.88722,2.54125,2.78092
"Defb18",2.91618,2.85865,2.7852,2.66835,2.81073,2.81134
"Gm15386",2.67667,2.41737,2.59098,2.57908,2.67868,2.50655
"Hmgb1",9.75334,9.91156,9.89815,9.84964,9.88073,10.0114
"Pkhd1",5.57587,6.07738,6.12193,6.16378,6.03241,6.12508
"Il17f",5.07544,5.04192,4.96514,4.75964,4.90233,4.82494
"Mcm3",5.28555,4.80535,5.03003,4.78525,5.43068,5.13554
"Tram2",7.66916,7.64824,7.79358,7.6979,7.57435,7.55744
"Gm4956",5.42435,5.50472,5.1721,5.26071,4.69813,5.12988
"Kcnq5",5.17063,5.14617,5.14421,5.22971,5.23106,4.98752
"Eif3m",8.62978,8.41644,8.627,8.63548,8.49028,8.63326
"Rims1",4.69821,4.78762,4.80184,4.68539,4.88251,4.63329
"Ogfrl1",5.73085,5.73548,5.43347,5.22567,5.70223,5.37055
"B3gat2",7.47096,7.71378,7.6243,7.42413,7.55268,7.71741
"Fam135a",7.6086,7.5277,7.47107,7.34206,7.43906,7.52157
"Col19a1",5.24096,5.17765,5.14371,5.19397,5.39421,5.00351
"Gm10925",12.8614,12.8771,12.8105,12.8572,12.8805,12.9253
"Prf1",12.7825,12.7568,12.7245,12.6802,12.7828,12.7873
"Bai3",3.74923,3.65223,3.76592,3.8532,3.85486,3.82213
"Lsm5",4.33016,4.94434,4.45415,3.91127,4.02057,4.37297
"Gm597",3.16142,3.06902,3.32419,3.0173,3.03835,2.82366
"Phf3",8.26654,8.1778,8.05569,8.15668,8.15212,8.33315
"Gm13363",9.91367,10.0299,9.97149,10.3906,10.3704,10.63
"Gm4340",5.12602,5.04742,5.13974,5.22389,5.13495,5.26444
"Lgsn",4.28462,4.41969,4.33231,4.27427,4.39015,4.15548
"Gm5415",4.53972,4.764,4.52987,4.84064,4.67994,4.9298
"Gm5415",4.3956,4.43249,4.4683,4.65965,4.48431,4.69742
"Prim2",4.93108,4.77026,4.94608,5.06761,5.02092,4.87539
"Bag2",4.27489,4.26007,4.2841,4.43891,4.3614,4.38591
"Zfp451",6.91171,7.00571,6.78714,6.82516,6.8237,6.8445
"Gm15455",7.64998,7.69177,7.71708,7.93936,7.90585,7.65955
"Bend6",3.94122,3.82336,3.98186,4.14835,4.17732,3.86419
"Ccdc115",5.97876,5.81564,5.72266,5.58843,5.95668,5.8637
"Prss40",4.23571,4.26027,4.17137,4.0839,4.09165,4.3004
"Fam168b",7.92485,7.84795,7.82465,7.88652,7.84056,7.91368
"Uggt1",8.13194,8.29141,8.06479,8.15449,8.07451,8.35906
"Neurl3",6.1141,5.61413,5.92867,5.66934,6.01465,5.54545
"Kansl3",7.64948,7.65388,7.69788,7.5547,7.42472,7.64501
"Lman2l",7.29984,7.16894,7.13768,7.16849,7.16263,7.22379
"Ankrd39",5.55238,5.62342,5.40624,5.49725,5.32892,5.72608
"Ankrd39",6.06538,6.0701,6.04836,5.97852,6.15251,6.11808
"Sema4c",5.9751,5.99392,5.73306,5.65523,5.93258,5.86717
"Fam178b",4.69514,4.55548,4.57228,4.47715,4.68875,4.53545
"Fam178b",5.74411,5.28558,5.52489,5.43015,5.45078,5.37069
"Actr1b",7.94206,7.94512,7.9909,8.02544,7.92799,8.03159
"Tmem131",8.01077,8.38304,8.15487,8.23429,8.20662,8.2777
"AK089564",6.19043,6.29523,6.07552,5.86065,5.5096,5.75926
"Rpl12",10.441,10.351,10.5647,10.5135,10.5159,10.5823
"Coa5",8.93103,8.80459,8.91856,8.83617,8.87771,8.87773
"Mgat4a",3.47042,2.99444,3.46381,3.56481,3.54476,3.47264
"Tsga10",3.82201,3.96118,3.93277,4.35504,4.06444,3.87468
"Lipt1",6.65072,6.60321,6.62925,6.85918,6.61059,6.70392
"Lyg2",4.41632,4.23517,4.59407,4.52069,4.19599,4.41749
"Lyg1",4.28106,3.98974,4.16747,4.22578,4.16958,4.18465
"Txndc9",7.41786,7.1855,7.24639,7.40729,7.06093,7.26524
"Eif5b",7.17528,6.82773,7.0881,7.01929,6.83657,6.87186
"Aff3",5.03831,4.91801,4.75064,4.81974,4.88835,4.8862
"Lonrf2",4.10109,4.14846,4.16882,4.30251,4.35337,4.19905
"Chst10",5.598,5.67874,5.71957,5.67896,5.68813,5.65869
"Tbc1d8",7.69277,7.83268,7.7332,7.56459,7.63274,7.60677
"Rnf149",8.81419,9.03915,8.91672,8.81686,8.73422,8.65857
"Creg2",5.54833,5.67033,5.76372,5.86206,5.64946,5.57272
"Rfx8",5.43151,5.15387,5.17858,5.40835,5.35068,5.26945
"Mfsd9",5.54835,5.57251,5.65358,5.46566,5.62032,5.61424
"Pantr1",2.782,2.57505,2.69696,2.56338,2.64318,2.50864
"Tgfbrap1",7.89677,7.90068,8.09201,7.94076,7.93252,8.01624
"Fhl2",4.93008,5.06841,4.93256,5.04162,5.12797,4.75794
"Uxs1",7.13292,6.83391,7.13158,6.85329,7.04746,6.85161
"Mettl21c",3.01666,2.82999,2.7959,2.59642,2.74743,2.77747
"Tex30",6.21025,6.01728,6.32112,6.36732,6.18274,6.1308
"Kdelc1",6.07526,5.93279,5.95813,5.91451,5.58616,5.9398
"Mettl21e",2.38741,2.46063,2.65344,2.40103,2.52364,2.54008
"Txn1",11.0004,10.8068,11.0055,11.015,11.2164,10.8844
"Col5a2",5.14301,5.00151,4.96193,5.05497,4.98633,4.96713
"Myl6",10.0742,9.9743,10.0167,10.0483,10.0821,9.95929
"Slc40a1",9.31015,8.64498,8.84418,8.77412,8.68496,8.85961
"Slc39a10",5.28869,4.99898,5.58563,5.48905,4.91051,5.45053
"Dnajb6",9.57974,9.76111,9.63192,9.50068,9.411,9.596
"Nabp1",6.51449,6.46442,6.41137,6.26137,6.59253,6.40778
"Myo1b",9.81129,10.0989,9.95731,10.0082,9.86661,9.98667
"Rpl15",10.3271,10.2887,10.3102,10.3358,10.3162,10.3155
"Gls",5.83149,5.68199,5.48451,5.60351,5.63922,5.77186
"Nab1",7.95002,7.81004,7.97106,7.82644,8.0523,8.20141
"Mfsd6",6.22228,6.11741,6.08505,6.22585,6.38934,6.14579
"Inpp1",6.14236,6.0868,6.21584,6.18379,6.15104,6.09715
"Pms1",6.20183,6.18801,6.34131,6.3472,6.25656,6.2811
"Asnsd1",8.79374,8.92106,8.90311,8.83134,8.80468,8.96682
"Dnah7b",3.11697,2.88661,2.83836,3.15135,3.11029,3.03576
"Dnah7b",5.33707,5.28044,5.49469,5.43619,5.32586,5.20047
"Stk17b",6.2328,6.00564,5.70691,6.0457,5.77076,6.00067
"Hecw2",6.39518,6.26122,6.19632,6.31483,6.39416,6.43854
"Gtf3c3",7.20152,7.22142,7.2156,7.16173,7.11501,7.23837
"Pgap1",7.18766,6.54004,6.83831,6.69829,7.09741,6.98802
"Ankrd44",5.85995,5.84664,5.87,5.79558,5.79012,5.91331
"Sf3b1",9.31505,9.39834,9.43183,9.32738,9.3719,9.40017
"Coq10b",6.87357,6.77633,6.90892,7.09779,6.91119,6.66614
"Hspd1",10.4699,10.5078,10.4756,10.5443,10.6701,10.4638
"Atp5l",8.93335,8.94188,8.97743,8.77711,8.99679,8.99382
"Rftn2",4.70305,4.7423,4.45363,4.58056,4.50448,4.60052
"Boll",2.57543,2.60339,2.8091,2.7834,2.93414,2.54017
"Akr1b3",6.22697,6.32837,6.29343,6.45355,6.27213,6.34539
"Hsfy2",2.44251,2.69966,2.56068,2.65256,2.80589,2.60364
"Satb2",4.15803,4.19767,4.22202,4.22499,3.98362,4.19094
"Tyw5",5.29283,5.00978,5.54242,5.40518,5.11244,5.29695
"Kctd18",6.21264,6.22952,6.16905,5.92629,6.25148,6.02447
"Clk1",9.06116,9.12435,9.189,8.86142,8.72895,8.93437
"Ppil3",6.65718,6.50751,6.48698,6.44569,6.27809,6.54086
"Orc2",5.78603,5.77797,5.47139,5.52794,5.69458,5.7175
"Fam126b",7.53667,7.86154,7.86433,7.79216,7.77694,7.89965
"Als2cr12",3.50784,3.35954,3.23578,3.13507,3.29828,3.27333
"Trak2",7.33887,7.59431,7.52897,7.74487,7.61688,7.77449
"Als2cr11",2.10405,2.20789,2.1601,2.26029,2.20901,2.21052
"Tmem237",4.63034,4.41588,4.6065,4.74729,4.69253,4.54569
"Mpp4",5.60163,5.44134,5.5494,5.58977,5.49518,5.71931
"Mpp4",8.46937,8.18271,8.26166,8.21414,8.262,8.39009
"Sumo1",6.05923,6.09029,5.90026,5.82477,5.74311,6.36985
"Ica1l",3.94454,4.0178,3.92202,3.93147,3.71702,3.72991
"Wdr12",6.15428,6.2222,5.98389,5.86793,5.95524,6.19451
"Raph1",7.89079,7.71985,7.74097,8.05782,7.93959,8.26585
"Ino80d",7.39779,7.31352,7.40097,7.51197,7.47283,7.56852
"Ndufs1",9.35161,9.40773,9.35176,9.33584,9.16971,9.39245
"AF362573",5.53195,5.78449,5.58364,5.47703,5.76557,5.62732
"Gpr1",3.77939,3.63851,4.10021,4.33649,4.13426,3.98
"Prelid1",9.26267,9.37162,9.36084,9.3835,9.2697,9.46696
"Dytn",5.21626,5.31139,5.26185,5.20879,5.51657,5.19892
"Mdh1b",3.24106,3.2357,3.40283,3.32494,3.3077,3.42035
"Klf7",5.99471,5.77482,5.8292,6.06165,6.07274,6.0371
"Mettl21a",5.71576,5.73332,5.72789,5.69993,5.71067,5.70109
"Fzd5",6.12899,5.72414,6.03947,6.08419,5.71287,5.84656
"Plekhm3",5.64339,5.34727,5.4204,5.41762,5.49091,5.3806
"Rpl10a",10.2881,10.3586,10.4655,10.429,10.4472,10.4855
"Akr1cl",3.62901,3.49925,3.54744,3.84629,3.63964,3.34048
"Crygf",4.68748,4.62867,4.81221,4.77505,4.80911,4.86496
"Crygd",3.31547,2.87727,3.0127,3.35072,3.56067,2.79983
"Crygc",5.43991,5.20093,4.93467,5.08861,4.85529,4.81097
"Lin7c",2.29325,2.23861,2.20513,2.08648,2.1405,2.31943
"Crygc",3.98869,4.2957,4.17589,3.53287,3.71795,4.20493
"Cryga",5.09573,4.89512,4.86812,5.17813,5.24661,4.92626
"D630023F18Rik",3.88299,3.92884,3.95645,3.89539,4.0195,4.1062
"Idh1",10.9182,10.6588,10.8883,10.9261,10.9858,11.0252
"Kansl1l",6.08541,5.75355,5.83727,5.57384,5.36758,5.9348
"Acadl",10.4176,10.2609,10.4237,10.3028,10.3756,10.3269
"Myl1",2.53053,2.30469,2.53053,2.3429,2.63639,2.74792
"Lancl1",7.56431,7.86501,7.56424,7.45029,7.56921,7.52233
"Erbb4",5.19491,5.13231,5.17261,5.29574,5.4232,5.25963
"Ikzf2",4.75084,4.46494,4.57855,4.70163,4.87731,4.42996
"Bard1",4.94117,4.85798,5.33038,5.38794,5.21183,5.27398
"Bard1",5.02953,5.07102,5.03665,4.95563,5.18823,5.04377
"Bard1",4.44965,4.23067,4.30594,4.3558,4.37429,4.3826
"Abca12",3.98741,3.83962,4.09301,3.91361,3.88697,3.92827
"Acp1",8.60454,8.49296,8.56804,8.66929,8.6138,8.60037
"Fn1",11.3758,11.4643,11.3655,11.5145,11.5341,11.6212
"Mreg",7.76931,7.69912,7.76736,7.72353,7.95973,7.88961
"Pecr",9.97229,10.1288,10.0531,10.0756,9.77199,10.1839
"March4",5.32034,5.47648,5.29328,5.19388,5.52027,5.18376
"Ankar",3.81817,3.51229,3.88823,3.92961,3.90924,3.8538
"Igfbp5",5.92562,5.74527,5.86816,5.98229,6.17632,5.87558
"Tnp1",4.20689,4.50154,4.29275,3.61074,4.08129,3.84583
"Tns1",7.89634,8.17229,8.13091,8.19135,8.04001,8.20547
"Tns1",7.84376,7.96768,7.98312,8.02673,8.29541,7.70163
"Tns1",7.6882,7.72237,7.79124,7.94269,7.91564,7.6809
"Tns1",7.56364,7.87537,7.75383,7.99389,7.9128,7.75767
"Tns1",8.05467,8.2239,8.1212,8.2824,7.98867,8.27122
"Tns1",9.55675,9.92426,9.77523,9.9066,9.64135,9.77235
"Cxcr1",5.48459,5.30451,5.27346,5.22058,5.39277,5.41591
"Aamp",9.19585,9.20685,9.18034,9.21977,9.27445,9.28304
"Tmbim1",8.39661,8.54569,8.60386,8.55362,8.50928,8.46065
"Usp37",5.29586,5.40273,5.29699,4.96518,5.25674,5.58097
"Zfp142",5.80324,5.76278,5.75547,5.81313,5.766,5.92606
"Rnf25",6.0214,6.05962,5.99926,6.11327,6.07377,6.24287
"Prkag3",4.80224,4.65043,4.98522,4.83161,4.88776,4.80224
"Fev",7.94553,8.00785,7.6799,7.68223,7.63799,7.68624
"Cryba2",4.9452,4.78705,4.84945,5.13457,5.0292,4.70095
"Mir375",6.67762,6.52402,6.65899,6.5326,6.47647,6.33552
"Ccdc108",5.51459,5.16265,5.3461,5.47062,5.33333,5.50585
"Ihh",6.78422,6.63907,6.65041,6.58586,6.87888,6.42292
"Nhej1",6.11306,5.68874,5.97339,5.82104,6.1126,5.76424
"Slc23a3",4.79894,5.06016,4.85135,4.89988,4.78644,4.85957
"Cnppd1",7.77677,7.99986,8.04151,7.8696,7.78914,7.95754
"Abcb6",8.52651,8.35266,8.402,8.49912,8.31217,8.4474
"Atg9a",7.66464,7.70471,7.61527,7.64055,7.67696,7.7112
"Glb1l",5.40515,5.5502,5.42561,5.16005,5.42746,5.39996
"Tuba4a",8.6919,8.46107,8.73636,8.34855,8.71406,8.66701
"Ptprn",5.48977,5.35492,5.32662,5.38055,5.41251,5.48325
"Resp18",3.75357,3.51902,3.70199,3.72284,3.61464,3.5057
"Dnpep",7.54556,7.45918,7.47602,7.47799,7.48972,7.56584
"Chpf",6.11415,6.17495,6.16881,6.28089,6.25107,6.14076
"Obsl1",6.273,6.1966,6.19627,6.39524,6.08052,6.11219
"Epha4",4.54784,4.5576,4.69026,4.86253,4.70109,4.64352
"Pax3",4.73096,4.79335,4.87548,4.92649,4.89211,4.7607
"Sgpp2",8.21555,8.32872,8.35159,8.43034,8.30724,8.42476
"BC035947",4.72024,4.66011,4.61074,4.43962,4.54321,4.46817
"Ube2v1",8.53113,8.44123,8.47329,8.37613,8.60549,8.5429
"Scg2",4.38348,4.36169,4.6927,4.52709,4.67307,4.30228
"Ap1s3",4.29333,4.38481,4.52103,4.51039,4.49048,4.40523
"Wdfy1",6.22543,6.23618,6.12976,6.14693,6.11562,6.16649
"Serpine2",6.04956,5.64475,6.04507,5.96644,6.09202,5.98409
"Slc25a5",10.2441,10.2974,10.3307,10.2682,10.1006,10.3481
"Fam124b",4.48749,4.19959,4.54613,4.43114,4.16541,4.4192
"Cul3",9.43614,9.5916,9.54816,9.48874,9.36799,9.55214
"Dock10",5.18062,5.04608,5.10552,5.18711,5.1798,5.1594
"Plscr1",7.22876,7.3996,7.54856,7.66696,7.74598,7.72667
"Irs1",7.25402,7.00393,7.11156,6.89966,6.68604,7.16455
"Col4a4",5.82996,5.70161,5.77593,5.92562,5.72963,5.81602
"Tm4sf20",3.66553,3.40617,3.53665,3.29443,3.52615,3.64789
"Slc19a3",4.0462,4.06496,3.98096,4.05375,4.01891,3.99966
"Sphkap",3.3245,3.54738,3.62194,3.5852,3.59711,3.58289
"Pid1",8.4155,8.76904,8.60754,8.73248,8.6017,8.71557
"Dner",5.09346,4.96572,5.03151,4.93952,4.89085,4.95915
"Trip12",9.81489,9.94619,9.82749,9.79001,9.67094,9.71261
"Slc16a14",4.86659,4.65977,4.9,4.95143,4.7817,5.06085
"C130026I21Rik",4.18535,4.11562,4.05177,4.34489,4.25089,4.23617
"Csprs",6.05941,6.21255,6.24949,6.36507,6.37841,6.27884
"A530032D15Rik",4.96405,5.02509,4.67702,4.74802,5.0656,5.40004
"Sp140",4.94219,5.19384,5.58054,5.17362,5.06628,6.10963
"A530032D15Rik",6.37603,6.19095,6.36239,5.95809,6.267,6.3212
"Gm7609",5.25876,5.26899,5.25919,5.36031,5.28824,5.34415
"C130026I21Rik",5.78187,5.73908,5.62527,5.68316,5.75865,5.62746
"A630001G21Rik",4.18416,4.46391,4.32713,4.35791,4.4841,4.54168
"Gpr55",5.15106,5.01749,5.02607,5.03527,5.18907,4.98667
"Htr2b",4.06522,3.95415,4.06752,4.15678,3.98468,3.93263
"Ncl",8.83807,8.81636,8.82572,8.81413,8.79752,8.8616
"Snora75",5.24747,5.04215,5.00064,5.28455,5.14527,4.95903
"Snord82",4.38289,4.3627,4.29212,4.33882,4.37491,4.32605
"Nmur1",6.39296,6.01775,6.22293,6.30703,6.06643,5.99589
"Pde6d",6.61391,6.53482,6.58358,6.63864,6.43001,6.65773
"Nppc",5.58589,5.4715,5.50755,5.62502,5.68099,5.50872
"Rpl6",10.024,10.0033,10.0404,10.0638,10.015,10.0171
"Alppl2",5.35337,5.30303,5.23727,5.32931,5.00327,5.42263
"Alpi",4.34769,4.44637,4.34063,4.35404,4.50166,4.38146
"Ecel1",6.09639,6.03407,6.09236,6.17352,6.06202,5.98785
"Kcnj13",4.52,4.41024,4.66677,4.55172,4.27149,4.3788
"Ngef",6.85327,7.13152,6.81649,7.04183,6.69582,7.08483
"Usp40",8.14319,8.35142,8.40153,8.10534,8.08969,8.2294
"Dnajb3",3.92964,3.82945,4.02737,3.79287,3.67908,3.98507
"Hjurp",7.86786,7.83365,8.10561,7.54867,7.53946,7.86276
"Glrp1",3.06292,3.15189,3.16574,3.03064,3.06292,2.93634
"Arl4c",5.85732,5.40737,5.51822,5.60562,5.48818,5.64537
"Gbx2",5.92222,5.78139,5.9799,5.98776,5.94075,6.10612
"Asb18",5.44868,5.37379,5.11316,5.26102,5.02873,4.99062
"Iqca",3.86141,3.87037,3.96318,3.86239,3.88995,3.92876
"Iqca",3.60418,3.16417,3.53311,3.57482,3.85616,3.5261
"Iqca",4.82022,4.96268,4.81364,4.81866,5.00256,4.8239
"Iqca",3.72897,3.9235,3.92946,4.04368,3.95221,3.72233
"Col6a3",5.92791,6.24332,5.94107,6.16627,6.18286,5.95927
"Rab17",7.07054,7.04978,7.07977,7.36526,7.25814,7.18949
"Fam132b",7.65386,7.53807,7.53343,7.53022,7.53657,7.57563
"Hes6",6.91868,6.74431,6.87544,6.90649,7.12134,6.82896
"Hdac4",6.68237,6.68999,6.57111,6.74577,6.65881,6.62135
"Ndufa10",10.072,10.1383,10.1911,10.1876,10.1687,10.2194
"Olfr1416",4.54433,4.08298,4.36513,4.78604,4.20343,4.2837
"Olfr1414",5.58423,5.50218,5.48392,5.41225,5.39473,5.37233
"Olfr1414",3.25555,3.58893,3.79298,3.89251,3.77571,3.66666
"Myeov2",8.72524,8.63483,8.77476,8.70363,8.70856,8.61108
"Otos",5.01545,4.85715,4.93268,4.71584,4.62556,4.40573
"Ankmy1",5.09445,4.9255,4.95846,5.0346,4.8587,4.6402
"Kif1a",5.04369,5.03413,5.28512,5.01716,5.38354,5.05313
"X16670",5.99943,5.60577,5.7284,5.22856,5.19265,6.05282
"Sned1",6.06435,6.33327,6.10827,6.31089,6.26471,6.31508
"Rpl17",11.3838,11.3143,11.4212,11.4161,11.3672,11.394
"Pask",5.41169,5.49999,5.459,5.54494,5.48676,5.52508
"Hdlbp",10.613,10.7077,10.6519,10.7031,10.6912,10.8505
"Farp2",8.11395,8.11926,8.2059,8.18688,8.1709,8.26142
"Thap4",5.95387,6.00768,5.9409,6.06087,5.87819,6.07062
"Dtymk",6.74848,6.85153,6.8466,6.72218,6.73295,6.71742
"Pdcd1",4.59099,4.49145,4.57564,4.76508,4.62337,4.28551
"AK039506",3.31958,3.75011,3.33456,3.31129,3.16151,3.51912
"St8sia4",3.81011,3.94569,3.75072,3.79848,3.7658,3.65329
"Slco4c1",3.24878,3.2371,2.9757,3.11749,3.25245,3.18346
"Slco6b1",2.92577,2.66184,2.79153,3.10985,2.83739,2.54501
"Slco6c1",2.8411,3.02924,2.99203,2.73651,2.82741,2.85159
"D1Ertd622e",6.97946,6.67621,6.72546,6.62045,6.54362,6.66692
"Ppip5k2",8.72006,8.90679,8.50146,8.62551,8.59286,8.40744
"Pam",7.33537,7.47174,7.33198,7.47409,7.47158,7.51847
"AK149050",3.97236,3.76731,3.96761,4.24644,3.89047,3.81262
"AK048760",5.60225,5.43321,5.48908,5.43321,5.35203,5.43321
"Prdx2",10.6309,10.5605,10.4452,10.6397,10.5524,10.467
"Rnf152",6.10491,6.00771,5.99362,6.11883,5.938,5.98568
"Pign",6.85643,6.93742,6.78516,6.83932,6.8725,6.97033
"Bcl2",5.32401,5.35204,5.34562,5.63336,5.56923,5.37893
"Kdsr",8.22287,7.93375,8.04458,8.14618,8.13708,8.21881
"Vps4b",9.11413,9.14523,9.13965,9.22821,9.13984,9.16322
"Serpinb3a",1.79939,1.90745,1.90371,1.74131,2.10377,2.07014
"Serpinb3d",2.34509,2.45315,2.49316,2.38371,2.57185,2.34294
"Serpinb3b",2.47573,2.50327,2.56492,2.5303,2.4038,2.43424
"Serpinb3c",2.99892,2.88066,3.00581,2.97452,3.04655,2.78326
"Cdh19",2.47738,2.23081,2.32931,2.59813,2.24388,2.23538
"Dsel",4.35109,3.91503,4.07074,3.94615,4.21916,4.34269
"Tsn",7.8581,7.80618,7.7882,7.71285,7.74294,7.84506
"Gli2",5.16065,4.97914,5.14554,5.04222,5.40088,5.00256
"Inhbb",6.18154,6.00088,6.15842,6.02268,6.12198,6.18407
"Ralb",6.03248,6.19645,6.20011,6.1645,6.27151,6.08312
"Epb4.1l5",7.09568,7.11685,7.06081,7.09532,7.07105,7.206
"Ptpn4",6.19432,6.02311,6.09494,6.03932,6.32451,6.31117
"Tmem177",5.97417,5.87905,5.91767,6.03914,6.07189,5.74727
"Cfap221",4.63723,4.73039,4.71715,4.55307,4.68847,4.65624
"Tmem37",7.10551,7.09392,6.91982,7.06966,7.03592,6.74707
"Dbi",10.8675,10.8692,11.0002,11.1726,11.1611,11.1177
"Steap3",7.6859,7.64644,7.56462,7.70513,7.66105,7.57731
"Marco",5.85651,5.0731,5.40946,5.31646,6.02121,5.2729
"Insig2",11.5639,11.8746,11.8162,11.5966,11.4728,11.449
"Htr5b",5.12407,5.06377,4.78154,4.76188,5.06971,4.57283
"Ddx18",7.64737,7.90734,8.07963,8.25407,8.24671,8.13569
"X16670",5.99943,5.60577,5.7284,5.22856,5.19265,6.05282
"Dpp10",3.45277,3.34461,3.55356,3.71445,3.29941,3.20608
"Actr3",8.77397,8.7396,8.80127,8.68114,8.75032,8.81894
"Lypd1",5.71378,5.97985,5.79475,5.76841,6.13579,5.63632
"Nckap5",4.82486,4.72522,4.70362,4.6305,4.62114,4.77165
"Nckap5",3.13341,3.32253,3.2112,3.68939,3.17599,3.13219
"Rpl27a",8.86637,9.13038,9.17482,9.05798,9.1058,9.28459
"Tmem163",5.16391,4.96003,5.11124,5.07613,5.10545,5.09982
"Map3k19",4.027,4.14638,4.09307,4.16498,4.19458,4.24656
